student01,q1,to find a number of examples of the knowledge of education and,0.0,3,The answer provided does not address any of the key points for why Ranga's homecoming was a big event. It seems to be irrelevant to the question.
student01,q2,# if you may be getting against a number in a number of airline located next to,0.0,3,Your answer appears to be gibberish and does not address the question. Please review the topic and try again.
student01,q3,to find a statement for the following time that is that,0.0,4,Your answer does not address the question. Please provide information relevant to the narrator's role in Ranga's marriage.
student02,q1,""" Most Message to study English Europe . W.O.",1.0,3,"You correctly identified that Ranga's study of English was a key factor in his homecoming being a big event. To earn full marks, you also needed to mention he was the accountant's son and that villagers were curious about whether he had changed or lost his caste."
student02,q2,And # wanted to marry a mature girl . He did not want a,1.5,3,"You correctly stated Ranga wanted to marry a mature girl. For full marks, you also needed to mention he wanted someone he could admire and talk to lovingly, and that he was against child marriage."
student02,q3,""" No. Mississippi Highway , also the Philippine between Kenya and",0.0,4,Your answer is completely irrelevant to the question asked. Please review the material and try to answer the question about the narrator's role in Ranga's marriage.
student03,q1,""" What you know that",0.0,3,Your answer does not address the question at all. Please ensure your response directly answers what is being asked.
student03,q2,ofefficiency and the,0.0,3,"Your answer appears to be gibberish or unreadable, making it impossible to evaluate your understanding of Ranga's initial views on marriage. Please ensure your answers are legible and relevant to the question."
student03,q3,to establish the establishment of the,0.0,4,Your answer is unclear and does not address the question. Please provide specific details about the narrator's role.
student04,q1,0 0000 000 000 000 000 000 000,0.0,3,Your answer appears to be unreadable or empty due to OCR errors. Please ensure your response is clear and addresses the key points of the question.
student04,q2,1953 American television station that was built in the,0.0,3,Your answer is completely irrelevant to the question about Ranga's views on marriage. Please review the story.
student04,q3,to provide the establishment of the Government of Australia,0.0,4,Your answer is completely irrelevant to the question asked. Please review the story and try again.
student05,q1,# not greatly been stronger information through international minorities .,0.0,3,Your answer is completely unrelated to the question asked. Please review the story and try to answer directly why Ranga's homecoming was a big event.
student05,q2,If my grandmother you've somehow had been I'll,0.0,3,Your answer is unclear and does not address the question. It seems to be gibberish.
student05,q3,Not logged inTalkContributionsCreate accountLog in,0.0,4,Your answer seems to be website navigation text and does not address the question. Please provide an actual answer.
